lakeid,year4,daynum,sampledate,sta,nsnow,avsnow,sdsnow,wlevel,totice,nice,whiteice,blueice
AL,1984,6,1/6/1984,1,10,3.5,1.3,,37.7,1,18.3,19.4
AL,1985,7,1/7/1985,1,0,,,,31.5,1,10.3,21.2
AL,1993,8,1/8/1993,1,10,16.9,,0.5,35.5,1,12.5,23
AL,1994,10,1/10/1994,1,10,18.2,,-2,30,1,5,25
AL,2005,10,1/10/2005,1,10,4.1,,4,41,1,17,24
AL,2006,10,1/10/2006,1,10,18.3,,-1,31,1,6,25
AL,1988,11,1/11/1988,1,10,18.9,2,-2,21.5,2,15.5,6
AL,1989,11,1/11/1989,1,10,22.9,,-3,38,1,0,38
AL,1995,11,1/11/1995,1,10,2.7,,1.5,40,1,33.5,6.5
AL,2004,14,1/14/2004,1,10,18.3,,0,41.5,1,6.5,35
AL,2008,15,1/15/2008,1,10,8.3,,1,35,1,9,26
AL,1986,16,1/16/1986,1,10,17.1,2,0,32,1,12,20
AL,1996,16,1/16/1996,1,10,24.2,,-1,38,1,,
AL,2012,16,1/16/2012,1,10,12.7,,0,32,1,7,25
AL,2017,16,1/16/2017,1,,21.4,,-3,29,,0,29
AL,1983,17,1/17/1983,1,10,28,1.6,1,34,1,7,27
AL,1991,17,1/17/1991,1,10,15.6,,0,32,1,1,31
AL,1992,17,1/17/1992,1,10,15.7,,-1,34,1,12,22
AL,2014,17,1/17/2014,1,,25.8,,0,36,,12,24
AL,1998,19,1/19/1998,1,10,24.3,,-4,30,1,4,26
AL,2010,19,1/19/2010,1,10,6.1,,1,33,1,17,16
AL,2011,19,1/19/2011,1,10,15,,0,37,1,7,30
AL,2015,19,1/19/2015,1,,21.3,,-4,32,,8,24
AL,1987,20,1/20/1987,1,10,6.5,1.4,1,40,1,8,32
AL,1997,20,1/20/1997,1,10,11.6,,2,46,1,26,20
AL,2009,20,1/20/2009,1,10,19.5,,0,45,1,12,33
AL,1999,21,1/21/1999,1,10,20.5,,-4,27,1,2,25
AL,2002,23,1/23/2002,1,10,4.1,,0.5,24,1,2,22
AL,1990,24,1/24/1990,1,10,31.8,,-3,40,1,1,39
AL,2003,24,1/24/2003,1,10,1.7,,3,56,1,0,56
AL,2007,24,1/24/2007,1,10,7.7,,1,32,1,7,25
AL,2013,25,1/25/2013,1,,8.9,,1,36,,4,32
AL,1982,26,1/26/1982,1,10,14.4,3.8,2,52.5,1,19.1,33.4
AL,2000,26,1/26/2000,1,10,14.3,,-7,31,1,6,25
AL,2001,26,1/26/2001,1,10,10.5,,1,42,1,13,29
AL,2016,28,1/28/2016,1,,,,0,24,,4,20
AL,2011,46,2/15/2011,1,10,17.3,,-1,41,1,14,27
AL,2010,47,2/16/2010,1,10,14.9,,1,46,1,15,31
AL,1983,49,2/18/1983,1,10,28.2,1.5,0,36,1,5,31
AL,1991,50,2/19/1991,1,10,16,,0,45,1,5,40
AL,2004,50,2/19/2004,1,10,27.1,,0,54,1,10,44
AL,1996,51,2/20/1996,1,10,18.9,,1,57,1,41,16
AL,2017,51,2/20/2017,1,,0,,3,44,,10,34
AL,1995,52,2/21/1995,1,10,14.3,,0,53,1,3,50
AL,1994,53,2/22/1994,1,1,0,,3,44,1,9,35
AL,1982,54,2/23/1982,1,10,12.6,3.2,0.4,59.8,1,18.6,41.2
AL,1993,54,2/23/1993,1,10,10,,5,49,1,17,32
AL,2005,54,2/23/2005,1,10,10.9,,3,53,1,16,37
AL,2007,54,2/23/2007,1,10,3.6,,3,49,1,3,46
AL,2009,54,2/23/2009,1,10,5.4,,2,61,1,15,46
AL,2012,54,2/23/2012,1,10,23.6,,-10,38,1,7,31
AL,1987,55,2/24/1987,1,10,15.4,1.3,0,47,1,6,41
AL,1998,55,2/24/1998,1,1,0,,3,42,1,18,24
AL,2000,55,2/24/2000,1,10,10.6,,-4,38,1,10,28
AL,2015,55,2/24/2015,1,,7.2,,3,54,,22,31
AL,1985,56,2/25/1985,1,10,13.8,4.5,-0.5,47,1,9,38
AL,1999,56,2/25/1999,1,10,14.5,,3,49,1,22,27
AL,2013,56,2/25/2013,1,,34.7,,-2,50,,2,48
AL,1997,57,2/26/1997,1,10,13.5,,0,52,1,24,28
AL,2003,57,2/26/2003,1,10,11.7,,1,67,1,2,65
AL,1990,58,2/27/1990,1,10,14.2,,1,53,1,17,36
AL,2006,58,2/27/2006,1,10,19.7,,0,49,1,26,23
AL,1984,60,2/29/1984,1,10,0.3,0.3,5,50,1,17,33
AL,2001,61,3/2/2001,1,10,23.1,,0,44,1,21,23
AL,1986,62,3/3/1986,1,10,22.6,1.6,0,48,1,24,24
AL,1988,62,3/2/1988,1,10,5.2,0.7,4,58,4,52,6
AL,2008,63,3/3/2008,1,10,16.9,,0,51,1,13,38
AL,1992,64,3/4/1992,1,10,12.3,,-15,35,1,10,25
AL,2002,64,3/5/2002,1,10,11.2,,1,45,1,12,33
AL,1989,65,3/6/1989,1,10,27.8,,-2.5,55,1,11,44
AL,2016,68,3/8/2016,1,,0,,3,40,,11,29
AL,1998,75,3/16/1998,1,10,8.4,,2,37,1,15,22
AL,2011,75,3/16/2011,1,10,3.6,,2,51,1,7,44
AL,2009,76,3/17/2009,1,1,0,,5,60,1,12,48
AL,2014,77,3/18/2014,1,,7.2,,3,73,,32,41
AL,1987,78,3/19/1987,1,1,0,,4,54,,8,46
AL,1997,78,3/19/1997,1,10,31.2,,-2,57,1,30,27
AL,2017,80,3/21/2017,1,,0.6,,3,43,,4,39
AL,1988,81,3/21/1988,1,10,8.3,1.5,4,61,2,51,10
AL,2010,81,3/22/2010,1,,0,,2,24,,3,21
AL,1983,82,3/23/1983,1,10,9.8,1.1,1,36,1,11,25
AL,1993,82,3/23/1993,1,10,8.1,,2,58.5,1,19.5,39
AL,1999,82,3/23/1999,1,10,0.5,,6,54,1,20,34
AL,2015,82,3/23/2015,1,,0,,2,44,,5,39
AL,1992,83,3/23/1992,1,10,4.1,,4,48,1,20,28
AL,1991,84,3/25/1991,1,1,0,,2,53,1,13,40
AL,2007,85,3/26/2007,1,1,0,,3,38,1,0,38
AL,2008,85,3/25/2008,1,10,17.9,,-2,53,1,14,39
AL,1985,86,3/27/1985,1,2,0.5,0.7,3,51,1,9,42
AL,1989,86,3/27/1989,1,10,,,-4.5,60.5,1,18,42.5
AL,1990,86,3/27/1990,1,1,0,,2,44,1,3,41
AL,2013,86,3/27/2013,1,,14,,2,66,,25,41
AL,2014,86,3/27/2014,1,,9.5,,1,78,,46,32
AL,2006,87,3/28/2006,1,10,2.9,,3,57,1,33,24
AL,1994,88,3/29/1994,1,10,18.2,,0,42,1,6,36
AL,1986,90,3/31/1986,1,4,1.5,1,,,,,
AL,2004,91,3/31/2004,1,10,0.9,,5,56,1,17,39
AL,2005,91,4/1/2005,1,10,1,,4,49,1,10,39
AL,2001,92,4/2/2001,1,10,5.4,,3,55,1,28,27
AL,1984,94,4/3/1984,1,10,1.5,0.7,4,56,1,21,35
AL,2002,94,4/4/2002,1,10,10,,2,62,1,30,32
AL,1982,95,4/5/1982,1,10,3,1.8,5,62.3,1,31.2,31.1
AL,1996,99,4/8/1996,1,10,20.7,,8,68,1,37,31
AL,1982,334,11/30/1982,1,1,0,0,0,9.3,1,0,9.3
BM,1993,6,1/6/1993,1,10,18.7,,-2,23,1,0,23
BM,1986,8,1/8/1986,1,10,16.6,3.4,0,33,1,10,23
BM,1985,9,1/9/1985,1,10,4.8,1,0,32,1,1,31
BM,1984,10,1/10/1984,1,10,9.9,3.9,,34.2,1,15.1,19.1
BM,1994,11,1/11/1994,1,10,16.4,,-1,29,1,0,29
BM,1995,11,1/11/1995,1,10,2,,2,36.5,1,0,36.5
BM,2005,11,1/11/2005,1,10,5,,3,40,1,0,40
BM,2012,11,1/11/2012,1,10,8.5,,0,32,1,2,30
BM,1983,12,1/12/1983,1,10,23.7,1.7,0,33,1,4,29
BM,1987,12,1/12/1987,1,10,5.6,3,1,37,1,2,35
BM,1988,12,1/12/1988,1,10,6.4,1.9,3,43,1,15,28
BM,1992,13,1/13/1992,1,10,11.5,,-2,30,1,3,27
BM,1991,14,1/14/1991,1,10,13.6,,-1,31,1,0,31
BM,2011,14,1/14/2011,1,10,10.3,,1,37,1,3,34
BM,1997,15,1/15/1997,1,10,9.6,,1,45,1,32,13
BM,1998,15,1/15/1998,1,10,20.9,,-2,31,1,5,26
BM,1999,15,1/15/1999,1,10,8.6,,1,38,1,2,36
BM,2006,16,1/16/2006,1,10,13.6,,-2,26,1,0,26
BM,2008,16,1/16/2008,1,10,10.2,,0,36,1,10,26
BM,1989,17,1/17/1989,1,10,18.5,,-3.4,35.2,1,0,35.2
BM,2007,17,1/17/2007,1,10,3.8,,1,28,1,6,22
BM,2001,18,1/18/2001,1,10,24.6,,-15,24,1,0,24
BM,2010,18,1/18/2010,1,10,3.7,,1,32,1,16,16
BM,2013,18,1/18/2013,1,,6.7,,1,33,,3,30
BM,2017,18,1/18/2017,1,,15.2,,-4,35,,4,31
BM,2009,21,1/21/2009,1,10,20.2,,0,43,1,10,33
BM,2015,21,1/21/2015,1,,23.9,,-3,28,,1,27
BM,2002,22,1/22/2002,1,10,4.9,,0,29,1,0,29
BM,2016,22,1/22/2016,1,,13.2,,-3,18,,0,18
BM,1990,23,1/23/1990,1,10,21.3,,-2,36,1,9.5,26.5
BM,2000,24,1/24/2000,1,10,20.2,,-1,39,1,2,37
BM,1982,25,1/25/1982,1,10,19.9,5.8,0,34.3,1,10,24.3
BM,2004,26,1/26/2004,1,10,14.3,,2,49,1,8,41
BM,2003,30,1/30/2003,1,10,7,,4,64,1,0,64
BM,2014,30,1/30/2014,1,,31,,-3,44,,4,40
BM,1996,38,2/7/1996,1,10,17.6,,2,62,1,29,33
BM,2010,43,2/12/2010,1,10,8.6,,2,46,1,17,29
BM,2011,47,2/16/2011,1,10,12.5,,-3,40,1,3,37
BM,1983,48,2/17/1983,1,10,19,3.4,0,40,1,11.1,28.9
BM,1998,50,2/19/1998,1,10,2,,2,44,1,17,27
BM,1990,51,2/20/1990,1,10,9.9,,2,51,1,17,34
BM,1997,51,2/20/1997,1,10,13,,3,58,1,35,23
BM,2012,51,2/20/2012,1,10,15,,0,45,1,8,37
BM,1991,52,2/21/1991,1,10,9.3,,2,50,1,2,48
BM,1995,52,2/21/1995,1,10,12.1,,2,55,1,5,50
BM,2003,52,2/21/2003,1,10,10.7,,3,70,1,0,70
BM,2006,52,2/21/2006,1,10,12.9,,2,43,1,14,29
BM,2017,52,2/21/2017,1,,0,,3,42,,6,36
BM,1993,53,2/22/1993,1,10,8.2,,1,49,1,15,34
BM,2013,53,2/22/2013,1,,28.5,,-9,45,,1,44
BM,1984,54,2/23/1984,1,0,,,6,49,1,17,32
BM,1996,54,2/23/1996,1,10,15.2,,2,63,1,30,33
BM,2000,54,2/23/2000,1,10,24.8,,-4,43,1,6,37
BM,2001,54,2/23/2001,1,10,20.6,,1,42,1,7,35
BM,1994,55,2/24/1994,1,10,1.4,,2,42,1,0,42
BM,1999,55,2/24/1999,1,10,21.8,,2,40,1,7,33
BM,2005,55,2/24/2005,1,10,9.1,,3,56,1,6,50
BM,2009,55,2/24/2009,1,10,4.1,,3,57,1,7,50
BM,1982,56,2/25/1982,1,10,10,5.3,2.5,61,1,22,39
BM,1987,56,2/25/1987,1,10,16.2,1.8,0,46,1,4,42
BM,1992,56,2/25/1992,1,10,23.3,,-2,45,1,17,28
BM,1985,57,2/26/1985,1,10,13.3,2.4,-0.5,48,1,1,47
BM,1986,57,2/26/1986,1,10,26.2,3.9,1,54,1,29,25
BM,2002,57,2/26/2002,1,10,18.1,,-2,42,1,2,40
BM,2008,57,2/26/2008,1,10,18,,0,57,1,17,40
BM,2007,58,2/27/2007,1,10,12.9,,2,57,1,10,47
BM,1989,59,2/28/1989,1,10,20.7,,4,62,1,15,47
BM,1988,61,3/1/1988,1,10,8.4,2.6,1,67,1,54,13
BM,2004,62,3/2/2004,1,10,21,,-10,61,1,19,42
BM,2015,62,3/3/2015,1,,10.2,,4,62,,18,44
BM,2014,63,3/4/2014,1,,23.3,,0,59,,26,33
BM,2016,64,3/4/2016,1,,1,,4,46,,11,35
BM,2009,75,3/16/2009,1,1,0,,3,56,1,7,49
BM,1998,78,3/19/1998,1,10,8.1,,1,40,1,10,30
BM,2011,81,3/22/2011,1,1,0,,3,52,1,5,47
BM,1983,82,3/23/1983,1,10,9.7,0.8,1,38,1,8,30
BM,1995,82,3/23/1995,1,10,0.7,,2,45,1,2,43
BM,1987,83,3/24/1987,1,1,0,,3,38,,38,0
BM,1993,83,3/24/1993,1,10,5,,5.5,59,1,18,41
BM,1999,83,3/24/1999,1,10,0.5,,4,57,1,17,40
BM,1991,85,3/26/1991,1,1,0,,2,51,1,4,47
BM,2015,85,3/26/2015,1,,6.8,,4,49,,4,45
BM,1985,86,3/27/1985,1,1,0,,3,53,1,6,47
BM,2008,86,3/26/2008,1,10,21.3,,-2,53,1,13,40
BM,2014,86,3/27/2014,1,,11,,0,68,,28,40
BM,1992,87,3/27/1992,1,10,1.4,,4,51,1,14,37
BM,2017,87,3/28/2017,1,,0,,1,44,,2,42
BM,1990,88,3/29/1990,1,1,0,,3.5,43.5,1,7,36.5
BM,2013,88,3/29/2013,1,,6.8,,3,70,,18,52
BM,1994,89,3/30/1994,1,10,14.5,,0,43,1,0,43
BM,2007,89,3/30/2007,1,1,0,,2,35,1,0,35
BM,1989,90,3/31/1989,1,10,,,9,65,1,13,52
BM,1986,91,4/1/1986,1,5,3.2,1.8,4,37,1,13,24
BM,2003,91,4/1/2003,1,10,12.1,,2,60,1,2,58
BM,1997,92,4/2/1997,1,10,9.6,,-5,52,1,27,25
BM,2005,94,4/4/2005,1,1,0,,4,54,1,4,50
BM,2006,94,4/4/2006,1,1,0,,4,41,1,13,28
BM,1984,95,4/4/1984,1,10,2,0.4,2,55,1,6,49
BM,2001,96,4/6/2001,1,10,1,,5,49,1,20,29
BM,2004,96,4/5/2004,1,1,0,,2,50,1,10,40
BM,1982,97,4/7/1982,1,10,3.7,2.8,3,55,1,13,42
BM,1988,97,4/6/1988,1,1,0,,4,60,1,0,60
BM,1996,100,4/9/1996,1,10,26.2,,-2,75,1,37,38
BM,1985,101,4/11/1985,1,1,0,,8,56,1,56,0
BM,2002,106,4/16/2002,1,1,0,,3,31,1,0,31
CB,1984,5,1/5/1984,1,10,12.3,1.2,,22.1,1,15.7,6.4
CB,2012,9,1/9/2012,1,10,5,,0,25,1,14,11
CB,1983,11,1/11/1983,1,10,28.1,1,0,25.5,1,25.5,0
CB,1995,12,1/12/1995,1,10,4.9,,2,34,1,6,28
CB,2005,12,1/12/2005,1,10,6.1,,2,35,1,22,13
CB,2006,12,1/12/2006,1,10,6,,1,25,1,13,12
CB,1986,13,1/13/1986,1,10,20.4,0.7,0,32,1,17,15
CB,1997,13,1/13/1997,1,10,15.9,,1,42,1,30,12
CB,1993,14,1/14/1993,1,10,16.4,,1,28,1,17,11
CB,2010,14,1/14/2010,1,10,12.1,,1,24,1,21,3
CB,1985,15,1/15/1985,1,10,10.1,0.6,1,28,1,6,22
CB,1991,15,1/15/1991,1,10,20.2,,-1,23,1,0,23
CB,1992,15,1/15/1992,1,10,14.4,,1,29,1,5,24
CB,2001,16,1/16/2001,1,10,23.5,,-9,21,1,13,8
CB,1994,17,1/17/1994,1,10,11.9,,2,29,1,17,12
CB,1996,17,1/17/1996,1,10,27.2,,-4,31,1,31,0
CB,2017,17,1/17/2017,1,,17.9,,-8,24,,16,8
CB,1982,18,1/18/1982,1,10,13.9,0.6,-1,28.2,1,19.2,9
CB,1990,18,1/18/1990,1,10,8.5,,-12.5,26.5,1,20.5,6
CB,1989,19,1/19/1989,1,10,16.5,,0,38.5,1,22,16.5
CB,1999,19,1/19/1999,1,10,15.2,,0,26,1,0,26
CB,1987,20,1/20/1987,1,10,15,0,0,22,1,17,5
CB,1988,20,1/20/1988,1,10,23.1,0.7,-1,24,1,20,4
CB,1998,20,1/20/1998,1,10,20,,-7,27,1,6,21
CB,2004,21,1/21/2004,1,10,20.9,,0,31,1,11,20
CB,2002,22,1/22/2002,1,10,9.9,,0,20,1,14,6
CB,2007,22,1/22/2007,1,10,9,,1,27,1,10,17
CB,2009,22,1/22/2009,1,10,17.9,,0,33,1,17,16
CB,2015,23,1/23/2015,1,,18,,0,28,,13,15
CB,2011,25,1/25/2011,1,10,18.4,,0,32.5,1,13,19.5
CB,2016,25,1/25/2016,1,,16.5,,-1,22,,8,14
CB,2000,28,1/28/2000,1,10,17,,0,28,1,18,10
CB,2008,28,1/28/2008,1,10,14,,1,33,1,15,18
CB,2013,28,1/28/2013,1,,22.4,,0,30,,7,23
CB,2003,34,2/3/2003,1,10,27.3,,1,41,1,41,0
CB,2014,34,2/3/2014,1,,23.4,,1,47,,29,18
CB,1995,46,2/15/1995,1,10,18.4,,1,41.5,1,6,35.5
CB,1997,48,2/17/1997,1,10,20.4,,1,49,1,41,8
CB,2009,48,2/17/2009,1,10,5,,3,42,1,20,22
CB,2011,48,2/17/2011,1,10,6.6,,2,41,1,16,25
CB,1991,49,2/18/1991,1,10,9.4,,2,38,1,30,8
CB,2013,49,2/18/2013,1,,18.6,,1,46,,18,28
CB,1998,50,2/19/1998,1,10,0.7,,4,40,1,25,15
CB,1984,51,2/20/1984,1,10,9.1,0.6,2.5,37,1,21,16
CB,1996,51,2/20/1996,1,10,19.2,,0,45,1,40,5
CB,2003,51,2/20/2003,1,10,16.2,,0,43,1,5,38
CB,2014,51,2/20/2014,1,,30.4,,-2,47,,27,20
CB,1989,52,2/21/1989,1,10,13.6,,1,42.8,1,26,16.8
CB,2007,52,2/21/2007,1,10,11,,1,34,1,13,21
CB,1982,53,2/22/1982,1,10,6.7,0.5,-1,43.4,1,17.5,25.9
CB,2002,53,2/22/2002,1,10,21.6,,-9,26,1,14,12
CB,2010,53,2/22/2010,1,10,15.3,,1,36,1,23,13
CB,2012,53,2/22/2012,1,10,13.4,,1,35,1,24,9
CB,1983,54,2/23/1983,1,10,5,0.8,0,32.5,1,21,11.5
CB,1987,54,2/23/1987,1,10,7.7,0.7,2,37,1,21,16
CB,1994,54,2/23/1994,1,10,1,,5,35,1,15,20
CB,2000,54,2/23/2000,1,10,2.3,,2,41,1,17,24
CB,2006,54,2/23/2006,1,10,17.2,,2,37,1,27,10
CB,2017,54,2/23/2017,1,,2.5,,2,29,,23,6
CB,2016,55,2/24/2016,1,,9,,0,32,,23,9
CB,1986,56,2/25/1986,1,10,27.4,0.8,-2,44,1,34,10
CB,1992,56,2/25/1992,1,10,29,,-2,36,1,31,5
CB,1993,56,2/25/1993,1,10,8.9,,4,44.5,1,32.5,12
CB,1999,56,2/25/1999,1,10,15,,2,40,1,40,0
CB,2008,56,2/25/2008,1,10,20.9,,-2,42,1,24,18
CB,1985,57,2/26/1985,1,10,16.5,1,-0.5,35,1,9,26
CB,1990,58,2/27/1990,1,10,19.2,,1,46,1,30,16
CB,2004,58,2/27/2004,1,10,7.8,,2,53,1,29,24
CB,2005,59,2/28/2005,1,10,25.2,,1,45,1,19,26
CB,1988,60,2/29/1988,1,10,9.6,0.5,4,48,2,43.5,4.5
CB,2001,60,3/1/2001,1,10,17,,0,40,1,34,6
CB,2015,65,3/6/2015,1,,28,,-1,30,,24,6
CB,1998,76,3/17/1998,1,10,9.1,,1,31,1,20,11
CB,2011,76,3/17/2011,1,1,0,,3,48,1,20,28
CB,2009,77,3/18/2009,1,1,0,,3,41,1,19,22
CB,1987,78,3/19/1987,1,1,0,,2,41,,41,0
CB,1995,79,3/20/1995,1,1,0,,1,30,1,30,0
CB,1991,81,3/22/1991,1,1,0,,2,42,1,15,27
CB,1993,82,3/23/1993,1,10,8.6,,5,50,1,33,17
CB,2015,82,3/23/2015,1,,0,,2,25,,19,6
CB,1988,83,3/23/1988,1,10,4.1,0.2,3,46,3,41,5
CB,2017,83,3/24/2017,1,,0,,2,34,,24,10
CB,1983,84,3/25/1983,1,10,10.3,0.4,1,32,1,22,10
CB,2008,84,3/24/2008,1,10,16.1,,1,52,1,25,27
CB,1985,85,3/26/1985,1,2,0.5,0.7,3,44,1,18,26
CB,1992,85,3/25/1992,1,10,2.9,,1,38,1,31,7
CB,2006,86,3/27/2006,1,10,2.2,,4,42,1,37,5
CB,1989,87,3/28/1989,1,10,,,5.5,43,1,21.4,21.6
CB,1990,87,3/28/1990,1,1,0,,3,30,1,17,13
CB,2013,87,3/28/2013,1,,9.5,,4,59,,29,30
CB,1999,88,3/29/1999,1,1,0,,3,40,1,27,13
CB,1994,89,3/30/1994,1,10,13.4,,-5.5,32,1,10.5,21.5
CB,2005,90,3/31/2005,1,10,1.8,,0,39,1,12,27
CB,2014,90,3/31/2014,1,,10.3,,1,55,,39,16
CB,2003,91,4/1/2003,1,10,6.7,,-4,31,1,29,2
CB,2001,92,4/2/2001,1,10,4.9,,4,44,1,37,7
CB,2002,92,4/2/2002,1,10,7,,4,52,1,45,7
CB,1982,97,4/7/1982,1,10,5.9,0.7,3,41.5,1,32,9.5
CB,2004,97,4/6/2004,1,1,0,,1,30,1,13,17
CB,1996,99,4/8/1996,1,10,13.8,,2,64,1,54,10
CB,1984,100,4/9/1984,1,1,0,0,2,31,1,20,11
CB,1997,100,4/10/1997,1,1,0,,4,39,1,39,0
CB,1985,316,11/12/1985,1,1,0,,,3,1,0,3
CB,1983,320,11/16/1983,1,0,,,,3,1,,
CB,1982,335,12/1/1982,1,1,0,0,-0.5,11,1,0,11
CR,1984,5,1/5/1984,1,10,13.8,5,,22.8,1,3.1,19.7
CR,1993,7,1/7/1993,1,10,11.5,,1,34.5,1,5.5,29
CR,2006,9,1/9/2006,1,10,20.2,,-3,25,1,1,24
CR,1985,10,1/10/1985,1,10,8,0.5,2,35,1,6,29
CR,1994,12,1/12/1994,1,10,20.1,,-5,20,1,0,20
CR,2011,12,1/12/2011,1,10,11.5,,2,36,1,6,30
CR,1992,13,1/13/1992,1,10,12.9,,0,30,1,7,23
CR,1995,13,1/13/1995,1,10,1.7,,0.5,32.5,1,1,31.5
CR,2004,13,1/13/2004,1,10,6.3,,2,40,1,8,32
CR,2005,13,1/13/2005,1,10,4.6,,2,34,1,2,32
CR,2012,13,1/13/2012,1,10,14.1,,0,30,1,2,28
CR,1983,14,1/14/1983,1,10,27.6,2.9,0,31,1,3,28
CR,1987,14,1/14/1987,1,10,6.1,1.7,0,27,1,3,24
CR,1991,14,1/14/1991,1,10,11.7,,1,36,1,3,33
CR,1998,14,1/14/1998,1,10,15.4,,-2,28,1,4,24
CR,2003,14,1/14/2003,1,10,0.4,,1,42,1,0,42
CR,1986,15,1/15/1986,1,10,16.7,1.6,3,28,1,8,20
CR,1990,15,1/15/1990,1,10,20.1,,-1,30,1,3,27
CR,2002,15,1/15/2002,1,10,3.7,,0,19,1,0,19
CR,2010,15,1/15/2010,1,10,17.4,,-9,15,1,6,9
CR,2013,16,1/16/2013,1,,0,,2,23,,2,21
CR,2015,16,1/16/2015,1,,28.5,,-5,22,,8,14
CR,2000,17,1/17/2000,1,10,17.8,,-2,30,1,1,29
CR,1989,18,1/18/1989,1,10,24.7,,0,37.5,1,8,29.5
CR,2017,18,1/18/2017,1,,15.4,,-1,28,,7,21
CR,1988,19,1/19/1988,1,10,3.8,1,1,35,1,29.5,5.5
CR,1999,19,1/19/1999,1,10,22,,-5,29,1,0,29
CR,2001,19,1/19/2001,1,10,25.3,,-12,19,1,0,19
CR,2007,19,1/19/2007,1,10,7.8,,-2,28,1,1,27
CR,2009,21,1/21/2009,1,10,17.2,,1,43,1,10,33
CR,1982,22,1/22/1982,1,10,7.7,3.1,3,49.3,1,10,39.3
CR,1996,23,1/23/1996,1,10,23.3,,-10,34,1,6,28
CR,1997,23,1/23/1997,1,10,5.3,,1,43,1,27,16
CR,2008,29,1/29/2008,1,10,15.2,,-2,31,1,10,21
CR,2016,29,1/29/2016,1,,13.8,,0,21,,4,17
CR,2014,35,2/4/2014,1,,34.6,,-3,35,,7,28
CR,1995,44,2/13/1995,1,10,8.7,,3,45,1,2,43
CR,2011,45,2/14/2011,1,10,16.1,,-1,39,1,9,30
CR,1998,47,2/16/1998,1,10,4.5,,0,40,1,17,23
CR,2005,47,2/16/2005,1,10,5.7,,5,49,1,7,42
CR,2006,47,2/16/2006,1,10,11.5,,2,42,1,21,21
CR,2017,47,2/16/2017,1,,9.8,,1,40,,12,28
CR,1997,49,2/18/1997,1,10,21.8,,-2,38,1,27,11
CR,1990,50,2/19/1990,1,10,12,,1,49,1,19,30
CR,1996,50,2/19/1996,1,10,13.3,,3,57,1,36,21
CR,1989,51,2/20/1989,1,10,14.2,,0,43.3,1,7,36.3
CR,2001,51,2/20/2001,1,10,11.3,,0,37,1,16,21
CR,1983,52,2/21/1983,1,10,14.6,5,0,38.5,1,8,30.5
CR,1991,52,2/21/1991,1,10,9.2,,1,45,1,4,41
CR,1994,52,2/21/1994,1,1,0,,1,39,1,10,29
CR,2000,52,2/21/2000,1,10,27.3,,-10,37,1,9,28
CR,1999,53,2/22/1999,1,10,8,,2,42,1,13,29
CR,2007,53,2/22/2007,1,10,4.6,,2,42,1,3,39
CR,1993,54,2/23/1993,1,10,12.6,,5,49,1,14.5,34.5
CR,2010,54,2/23/2010,1,10,12,,2,39,1,19,20
CR,1992,55,2/24/1992,1,10,25.1,,-10,36,1,7,29
CR,2004,55,2/24/2004,1,10,46.6,,-8,42,1,7,35
CR,2012,55,2/24/2012,1,10,12.7,,0,41,1,10,31
CR,1987,56,2/25/1987,1,10,16.6,1.4,-4,31,1,4,27
CR,2009,56,2/25/2009,1,10,4.7,,4,54,1,14,40
CR,2016,56,2/25/2016,1,,2.4,,2,35,,15,20
CR,2003,57,2/26/2003,1,10,9.2,,3,61,1,0,61
CR,2013,57,2/26/2013,1,,25,,-2,41,,10,31
CR,2002,58,2/27/2002,1,10,18.4,,-3,33,1,0,33
CR,2015,58,2/27/2015,1,,9.4,,2.5,37,,20,17
CR,1985,59,2/28/1985,1,10,13.6,2.2,1,48,1,4,44
CR,1982,60,3/1/1982,1,10,11.6,2.8,1,59.8,1,12.9,46.9
CR,1984,60,2/29/1984,1,10,0.8,1.3,5,45,1,13,32
CR,1988,62,3/2/1988,1,10,9.4,2.5,1,55,2,47,8
CR,2008,64,3/4/2008,1,10,21.1,,0,50,1,13,37
CR,2014,72,3/13/2014,1,,0.9,,10,73,,43,30
CR,1998,77,3/18/1998,1,10,9.9,,2,38,1,12,26
CR,1999,78,3/19/1999,1,10,3,,3,50,1,12,38
CR,2011,80,3/21/2011,1,10,1.7,,3,51,1,8,43
CR,1995,82,3/23/1995,1,10,0.6,,1,32,1,32,0
CR,2017,82,3/23/2017,1,,1.5,,3,39,,4,35
CR,1993,83,3/24/1993,1,10,4.8,,3.5,58,1,18,40
CR,1987,84,3/25/1987,1,1,0,,0,18,,18,0
CR,2009,84,3/25/2009,1,1,0,,3,44,1,4,40
CR,1991,85,3/26/1991,1,1,0,,1,42,1,16,26
CR,2013,85,3/26/2013,1,,11.2,,1,61,,31,30
CR,2015,85,3/26/2015,1,,7,,2,38,,9,29
CR,1992,86,3/26/1992,1,10,1.7,,3,47,1,14,33
CR,1985,87,3/28/1985,1,1,0,,6,48,1,5,43
CR,2014,87,3/28/2014,1,,19.8,,0,62,,30,32
CR,1989,88,3/29/1989,1,10,,,6,49.5,1,9,40.5
CR,1990,88,3/29/1990,1,1,0,,2,31,1,7,24
CR,2007,88,3/29/2007,1,1,0,,2,24,1,0,24
CR,1983,89,3/30/1983,1,9,12.3,0.9,0,39,1,7,32
CR,2006,89,3/30/2006,1,1,0,,2,45,1,26,19
CR,1997,90,3/31/1997,1,10,1.2,,4,55,1,37,18
CR,2008,91,3/31/2008,1,10,12.9,,0,54,1,17,37
CR,1986,92,4/2/1986,1,1,0,,3,28,1,5,23
CR,2004,92,4/1/2004,1,10,1.6,,2,43,1,10,33
CR,2001,94,4/4/2001,1,10,0.7,,4,47,1,22,25
CR,2003,94,4/4/2003,1,10,8.3,,8,56,1,8,48
CR,1988,96,4/5/1988,1,1,0,,4,48,2,4,44
CR,1994,96,4/6/1994,1,10,3.1,,1,41,1,6,35
CR,2005,96,4/6/2005,1,1,0,,2,41,1,0,41
CR,1982,98,4/8/1982,1,10,4.6,2.6,7,67.9,1,13.1,54.8
CR,1985,101,4/11/1985,1,1,0,,7,53,1,53,
CR,1996,101,4/10/1996,1,10,19.7,,0,64,1,36,28
CR,1984,103,4/12/1984,1,1,0,0,1,38,1,38,0
CR,2002,105,4/15/2002,1,1,0,,3,40,1,12,28
FI,2001,9,1/9/2001,1,5,7.4,,,26,1,15,11
FI,1997,15,1/15/1997,1,5,10,,,32,1,,
FI,2015,16,1/16/2015,1,,3.4,,1,30,,0,30
FI,2009,23,1/23/2009,1,5,10,,1,35,1,8,27
FI,2000,27,1/27/2000,1,5,4,,,27,1,,
FI,2003,27,1/27/2003,1,1,0,,0,40,1,40,0
FI,1999,28,1/28/1999,1,1,0,,,30,1,,
FI,1998,29,1/29/1998,1,5,41.7,,,12,1,,
FI,1996,39,2/8/1996,1,5,6,,,,,,
FI,2004,42,2/11/2004,1,5,10,,1,35,1,20,15
FI,2005,42,2/11/2005,1,5,10,,0,40,1,2,38
FI,2013,45,2/14/2013,1,,0,,1,34,,6,28
FI,2016,47,2/16/2016,1,,2,,5,37,,1,36
FI,2017,48,2/17/2017,1,,0,,2,33,,5,28
FI,2010,50,2/19/2010,1,5,8,,1,41,1,0,41
FI,1997,52,2/21/1997,1,5,3,,,31,1,,
FI,2011,52,2/21/2011,1,1,0,,3,45,1,10,35
FI,2008,53,2/22/2008,1,10,11.8,,1,40,1,17,23
FI,1999,56,2/25/1999,1,5,6,,,21,1,,
FI,2006,60,3/1/2006,1,5,4,,2,33,1,2,31
FI,2007,66,3/7/2007,1,5,13,,0,39,1,10,29
FI,2014,85,3/26/2014,1,,0.4,,3,52,,4,48
ME,1997,14,1/14/1997,1,5,4,,,31,1,,
ME,2001,17,1/17/2001,1,5,5.4,,,25,1,10,15
ME,2011,19,1/19/2011,1,5,11,,1,30,1,0,30
ME,2003,21,1/21/2003,1,1,0,,0,25,1,0,25
ME,2009,21,1/21/2009,1,5,8,,0,40,1,8,32
ME,2000,24,1/24/2000,1,5,1,,1,17,1,,
ME,1999,25,1/25/1999,1,5,3,,,30,1,,
ME,2016,27,1/27/2016,1,,5.2,,1,27,,1,26
ME,2005,31,1/31/2005,1,5,,,0.5,25,1,0,25
ME,2010,32,2/1/2010,1,1,0,,3,35,1,0,35
ME,2004,34,2/3/2004,1,5,5,,,64,1,,64
ME,2014,34,2/3/2014,1,,9.8,,1.5,57.1,,9.4,47.7
ME,1996,37,2/6/1996,1,5,12,,,46,1,,
ME,1998,37,2/6/1998,1,5,2,,,,,,
ME,2017,37,2/6/2017,1,,2,,1,28,,3,25
ME,2015,42,2/11/2015,1,,6.8,,1,38,,0,38
ME,2013,43,2/12/2013,1,,0,,2,37,,7,30
ME,2008,44,2/13/2008,1,5,18,,0,32,1,2,30
ME,1997,48,2/17/1997,1,5,5,,,45,1,,
ME,2007,50,2/19/2007,1,5,3.6,,1,45,1,0,45
ME,1999,53,2/22/1999,1,1,0,,,25,1,,
ME,2012,53,2/22/2012,1,1,0,,1,18,1,1,17
ME,2000,59,2/28/2000,1,1,0,,,16,1,,
ME,2006,65,3/6/2006,1,5,15,,-1,25,1,10,15
ME,2001,66,3/7/2001,1,1,0,,,50,1,10,40
MO,1997,14,1/14/1997,1,5,4,,,30,1,,
MO,2001,15,1/15/2001,1,5,10,,,27,1,11,16
MO,2000,25,1/25/2000,1,5,3,,,19,1,,
MO,2011,26,1/26/2011,1,5,12.6,,0,32,1,0,32
MO,1999,27,1/27/1999,1,1,0,,,26,1,,
MO,2005,34,2/3/2005,1,5,2.2,,0.5,40,1,15,25
MO,2010,34,2/3/2010,1,5,8,,3,33,1,0,33
MO,2016,35,2/4/2016,1,,1,,1,29,,1,28
MO,2009,36,2/5/2009,1,5,6,,1,44,1,4,40
MO,2013,36,2/5/2013,1,,2,,1,29,,3,26
MO,1996,37,2/6/1996,1,5,13,,,38,1,,
MO,2003,44,2/13/2003,1,5,2.5,,0,40,1,0,40
MO,2017,44,2/13/2017,1,,0,,2,38,,4,34
MO,1997,48,2/17/1997,1,5,35,,,42,1,,
MO,2004,48,2/17/2004,1,5,9.8,,0.5,32.5,1,12.5,20
MO,1999,54,2/23/1999,1,1,0,,,19,1,,
MO,2007,57,2/26/2007,1,5,15,,-2,39,1,1,38
MO,2008,63,3/3/2008,1,1,0,,2,50,1,12,38
MO,2015,65,3/6/2015,1,,4,,1,45,,0,45
MO,2014,72,3/13/2014,1,,0,,2,65,,9,56
SP,1984,6,1/6/1984,1,10,2.7,1.1,,36.2,1,11.8,24.4
SP,1995,9,1/9/1995,1,10,2.1,,2,30,1,2,28
SP,1985,11,1/11/1985,1,10,8.8,1,1,28.7,1,3,25.7
SP,1989,12,1/12/1989,1,10,18.3,,-2.8,33,1,0,33
SP,1994,12,1/12/1994,1,10,6.8,,1,30,1,10,20
SP,1998,12,1/12/1998,1,10,17.5,,0,26,1,0,26
SP,2004,12,1/12/2004,1,10,10,,0,37,1,8,29
SP,2010,12,1/12/2010,1,10,5.7,,2,32,1,17,15
SP,2012,12,1/12/2012,1,10,9,,0,29,1,1,28
SP,1983,13,1/13/1983,1,10,24,0.8,0,27,1,1,26
SP,1993,13,1/13/1993,1,10,19,,1,36.5,1,6,30.5
SP,1986,14,1/14/1986,1,10,17.5,1.8,1,29,1,6,23
SP,1987,14,1/14/1987,1,10,3.5,0.7,0,24,1,0,24
SP,1992,14,1/14/1992,1,10,11.3,,0,30,1,7,23
SP,1997,14,1/14/1997,1,10,11,,1,37,1,26,11
SP,2013,14,1/14/2013,1,,0,,1,21,,1,20
SP,2015,14,1/14/2015,1,,24.1,,-12,23,,10,13
SP,2003,15,1/15/2003,1,10,1,,4,45,1,0,45
SP,2007,15,1/15/2007,1,10,6.8,,2,29,1,8,21
SP,1991,16,1/16/1991,1,10,8.8,,1,38,1,5,33
SP,2002,16,1/16/2002,1,10,5.1,,0,16.5,1,4,12.5
SP,1990,17,1/17/1990,1,10,15.9,,-5,36,1,,36
SP,2006,17,1/17/2006,1,10,12.5,,0,29,1,6,23
SP,2008,17,1/17/2008,1,10,11.1,,1,33,1,8,25
SP,2017,17,1/17/2017,1,,16.5,,-1,26,,9,17
SP,1999,18,1/18/1999,1,10,22.9,,-4,26,1,0,26
SP,2000,18,1/18/2000,1,10,18.9,,-2.5,27.5,1,0.5,27
SP,2011,18,1/18/2011,1,10,16.9,,0,31,1,10,21
SP,1988,19,1/19/1988,1,10,2.8,1.6,4,35,1,16,19
SP,2005,19,1/19/2005,1,10,11.2,,0,43,1,0,43
SP,1982,20,1/20/1982,1,10,4.3,3,6.8,43,1,22.5,20.5
SP,2009,20,1/20/2009,1,10,17.8,,1,45,1,6,39
SP,2016,21,1/21/2016,1,,6.5,,0,22,,5,17
SP,2001,22,1/22/2001,1,10,20.7,,-4,32,1,10,22
SP,1996,24,1/24/1996,1,10,11,,1.5,51,1,22,29
SP,2014,30,1/30/2014,1,,32.1,,-3,38,,7,31
SP,2010,42,2/11/2010,1,10,9.4,,1,46,1,14,32
SP,2006,44,2/13/2006,1,10,23.6,,-5,33,1,12,21
SP,2011,45,2/14/2011,1,10,16.9,,-2,35,1,11,24
SP,1997,48,2/17/1997,1,10,24.5,,-2,40,1,26,14
SP,2014,48,2/17/2014,1,,22,,-1,50,,32,18
SP,2004,49,2/18/2004,1,10,29.7,,-3,42,1,7,35
SP,1990,50,2/19/1990,1,10,15.9,,1,51,1,10,41
SP,1991,50,2/19/1991,1,10,8.6,,2,55,1,5,50
SP,1995,51,2/20/1995,1,10,15.5,,2,42,1,1,41
SP,2007,51,2/20/2007,1,10,8.7,,2,42,1,5,37
SP,1994,52,2/21/1994,1,1,0,,2,39,1,6,33
SP,1996,52,2/21/1996,1,10,11.7,,0,53,1,26,27
SP,2012,52,2/21/2012,1,10,9.4,,2,41,1,11,30
SP,2000,53,2/22/2000,1,10,27.6,,-4,36,1,2,34
SP,2017,53,2/22/2017,1,,0,,2,32,,9,23
SP,1989,54,2/23/1989,1,10,7.9,,5,58.5,1,17.5,41
SP,1998,54,2/23/1998,1,1,0,,2,35,1,11,24
SP,1999,54,2/23/1999,1,10,9,,1,41,1,14,27
SP,1982,55,2/24/1982,1,10,13.4,2.1,1.7,49.2,1,29.3,19.9
SP,1983,55,2/24/1983,1,1,1,,0,29,1,1,28
SP,1987,55,2/24/1987,1,10,13.4,1.8,0,41,1,0,41
SP,2009,55,2/24/2009,1,10,3.6,,4,55,1,9,46
SP,2015,55,2/24/2015,1,,12.2,,1,43,,20,23
SP,2005,56,2/25/2005,1,10,10,,1,54,1,5,49
SP,2013,56,2/25/2013,1,,21,,0,45,,16,29
SP,1984,58,2/27/1984,1,10,1,1.8,4,47.5,1,15,32.5
SP,1985,58,2/27/1985,1,10,11.7,3.2,3.5,48,1,4,44
SP,1986,58,2/27/1986,1,10,17.7,2.8,-2,51,1,34,17
SP,2001,59,2/28/2001,1,10,15.7,,0,44,1,23,21
SP,2002,59,2/28/2002,1,10,1.6,,2,38,1,11,27
SP,1988,60,2/29/1988,1,10,10.4,5.1,0,54,2,51,3
SP,1993,60,3/1/1993,1,10,2.7,,3.5,60.5,1,21.5,39
SP,1992,61,3/1/1992,1,10,22.5,,4,41,1,7,34
SP,2008,63,3/3/2008,1,10,18.9,,0,48,1,13,35
SP,2003,65,3/6/2003,1,10,17.5,,1,61,1,0,61
SP,2016,67,3/7/2016,1,,0.3,,3,43,,14,29
SP,1998,77,3/18/1998,1,10,8.5,,2,37,1,8,29
SP,2009,79,3/20/2009,1,1,0,,4,56,1,5,51
SP,2011,80,3/21/2011,1,10,1.4,,1,43,1,7,36
SP,1993,81,3/22/1993,1,10,9.1,,3,56,1,23,33
SP,1987,83,3/24/1987,1,1,0,,3,34,,34,0
SP,1995,83,3/24/1995,1,10,1,,1,34,1,0,34
SP,1999,83,3/24/1999,1,10,1,,4,53,1,17,36
SP,2014,83,3/24/2014,1,,10.8,,5,72,,45,27
SP,2015,83,3/24/2015,1,,0,,3,38,,12,26
SP,1991,84,3/25/1991,1,1,0,,3,53,1,3,50
SP,1997,84,3/25/1997,1,10,31,,-5,44,1,31,13
SP,1985,85,3/26/1985,1,10,0.5,0.5,5,56,1,12,44
SP,2017,86,3/27/2017,1,,0,,1,31,,1,30
SP,1983,87,3/28/1983,1,10,9.5,1.3,0,39,1,8,31
SP,1990,87,3/28/1990,1,1,0,,3,39,1,4,35
SP,1992,87,3/27/1992,1,10,0.4,,2,52,1,10,42
SP,1994,87,3/28/1994,1,10,15.5,,1,44,1,0,44
SP,2007,87,3/28/2007,1,1,0,,2,27,1,0,27
SP,2008,87,3/27/2008,1,10,16.1,,-5,50,1,6,44
SP,1989,88,3/29/1989,1,10,,,4.5,50,1,5,45
SP,2013,88,3/29/2013,1,,7.2,,1,59,,24,35
SP,2006,90,3/31/2006,1,1,0,,3,41,1,21,20
SP,2002,91,4/1/2002,1,10,15,,0,54,1,21,33
SP,1996,92,4/1/1996,1,10,18.2,,0,70,1,32,38
SP,2003,92,4/2/2003,1,10,7.5,,1,48,1,0,48
SP,2001,93,4/3/2001,1,10,2.2,,2,45,1,32,13
SP,1982,95,4/5/1982,1,10,4,1.8,4,51,1,24.7,26.3
SP,1988,95,4/4/1988,1,1,0,,6,58,2,9.5,48.5
SP,2005,96,4/6/2005,1,1,0,,2,42,1,0,42
SP,2004,98,4/7/2004,1,1,0,,2,39,1,6,33
SP,1984,101,4/10/1984,1,1,0,0,2.5,44.5,1,5,39.5
SP,1985,101,4/11/1985,1,1,0,,5,50,1,50,
SP,2008,123,5/2/2008,1,1,0,,0,0,1,0,0
TB,1984,3,1/3/1984,1,10,8.1,1.2,,35.3,1,13.2,22.1
TB,1983,10,1/10/1983,1,10,27.9,0.8,0,17,1,8,9
TB,1986,10,1/10/1986,1,10,19.2,0.9,0,25,1,10,15
TB,2012,10,1/10/2012,1,10,4.4,,0,25,1,16,9
TB,1995,12,1/12/1995,1,10,6.3,,0.5,31,1,3.5,27.5
TB,2006,12,1/12/2006,1,10,8.6,,0,26,1,21,5
TB,1988,14,1/14/1988,1,10,15.6,0.8,0,23,1,15,8
TB,1993,14,1/14/1993,1,10,16.5,,1,29.5,1,17,12.5
TB,2010,14,1/14/2010,1,10,12,,1,24,1,18,6
TB,1985,15,1/15/1985,1,10,14.8,0.5,0,26,1,6,20
TB,1987,15,1/15/1987,1,10,15.4,0.7,0,23,1,20,3
TB,1990,15,1/15/1990,1,10,9.5,,-13.5,27.5,1,7.5,20
TB,1992,15,1/15/1992,1,10,14.9,,0,26,1,14,12
TB,1991,16,1/16/1991,1,10,22,,-2,24,1,0,24
TB,1989,17,1/17/1989,1,10,21.4,,0,31,1,13.5,17.5
TB,1994,17,1/17/1994,1,10,13.1,,-13,20,1,6,14
TB,1996,17,1/17/1996,1,10,24.8,,-2,28,1,5,23
TB,2002,17,1/17/2002,1,10,11,,2,17,1,0,17
TB,1998,19,1/19/1998,1,10,24.4,,-12,21,1,6,15
TB,2005,20,1/20/2005,1,10,25,,-1,31,1,15,16
TB,2015,20,1/20/2015,1,,19.1,,0,30,,25,5
TB,2017,20,1/20/2017,1,,16.3,,-5,26,,13,13
TB,1997,21,1/21/1997,1,10,18.3,,0.5,44,1,29,15
TB,2004,21,1/21/2004,1,10,22,,-2,32,1,11,21
TB,1999,22,1/22/1999,1,10,21.1,,-1,30,1,9,21
TB,2009,22,1/22/2009,1,10,26.2,,-2,32,1,18,14
TB,2007,23,1/23/2007,1,10,10.6,,1,28,1,12,16
TB,2001,24,1/24/2001,1,10,13.5,,-12,23,1,9,14
TB,2011,24,1/24/2011,1,10,18.3,,2,34,1,18,16
TB,2014,24,1/24/2014,1,,32.1,,-15,30,,10,20
TB,2016,25,1/25/2016,1,,8.6,,0,24,,19,5
TB,1982,27,1/27/1982,1,10,25.8,1.3,0,32.5,1,12.1,20.4
TB,2000,27,1/27/2000,1,10,16.1,,0,27,1,12,15
TB,2008,28,1/28/2008,1,10,14.7,,0,34,1,19,15
TB,2013,28,1/28/2013,1,,28,,-3,25,,2,23
TB,2003,35,2/4/2003,1,10,29.8,,0,41,1,5,36
TB,1995,45,2/14/1995,1,10,16,,0,36.5,1,5,31.5
TB,2005,46,2/15/2005,1,10,12.2,,3,42,1,25,17
TB,2011,46,2/15/2011,1,10,19.9,,0,36,1,18,18
TB,2009,48,2/17/2009,1,10,6.2,,4,48,1,23,25
TB,2017,48,2/17/2017,1,,13.4,,0,34,,19,15
TB,1997,49,2/18/1997,1,10,16.2,,0,55,1,39,16
TB,1998,49,2/18/1998,1,10,2.5,,1,39,1,22,17
TB,2013,49,2/18/2013,1,,10.4,,1,41,,20,21
TB,2001,50,2/19/2001,1,10,22.1,,0,38,1,27,11
TB,2004,50,2/19/2004,1,10,16.6,,1,50,1,28,22
TB,1991,51,2/20/1991,1,10,12.5,,1,39,1,11,28
TB,2003,51,2/20/2003,1,10,20.6,,-2,42,1,5,37
TB,2012,51,2/20/2012,1,10,9.8,,1.5,35,1,25,10
TB,2014,51,2/20/2014,1,,32,,-1,46,,32,14
TB,1996,52,2/21/1996,1,10,15.3,,1,50,1,7,43
TB,2000,52,2/21/2000,1,10,28.4,,-14,21,1,14,7
TB,2007,52,2/21/2007,1,10,13.3,,2,36,1,13,23
TB,1983,53,2/22/1983,1,10,0.5,0.4,0,31,1,15,16
TB,2006,53,2/22/2006,1,10,15.1,,2,38,1,38,0
TB,2010,53,2/22/2010,1,10,18.8,,0,33,1,17,16
TB,1987,54,2/23/1987,1,10,10.1,0.6,1,37,1,14,23
TB,1993,55,2/24/1993,1,10,10.2,,2.5,49,1,32,17
TB,1994,55,2/24/1994,1,10,2.7,,5,46,1,26,20
TB,1999,55,2/24/1999,1,10,16.4,,2,44,1,44,0
TB,2016,55,2/24/2016,1,,6.5,,1,33,,25,8
TB,1986,56,2/25/1986,1,10,26,0,2,40,1,34,6
TB,2008,56,2/25/2008,1,10,22.2,,-1,42,1,23,19
TB,1992,57,2/26/1992,1,10,31,,-2,40,1,28,12
TB,1985,58,2/27/1985,1,10,5.4,0.6,3,31,1,7,24
TB,1984,59,2/28/1984,1,10,2.3,0.3,5,46,1,22,24
TB,1990,59,2/28/1990,1,10,22.2,,0,50,1,30,20
TB,1988,61,3/1/1988,1,10,9.4,0.5,2,44,1,33,11
TB,1982,62,3/3/1982,1,10,9.1,0.8,5.5,39.3,1,32.7,6.6
TB,1989,65,3/6/1989,1,10,33.8,,-1.3,46.2,1,24,22.2
TB,2002,65,3/6/2002,1,10,7.8,,2,38,1,18,20
TB,2015,65,3/6/2015,1,,31.1,,-3,32,,27,5
TB,1998,75,3/16/1998,1,10,6.5,,2,34,1,21,13
TB,2011,75,3/16/2011,1,10,11.3,,2,48,1,23,25
TB,1987,79,3/20/1987,1,1,0,,1,35,,17,18
TB,1995,79,3/20/1995,1,10,2.8,,1.5,36,1,31,5
TB,1991,80,3/21/1991,1,1,0,,0,47,1,15,32
TB,1993,82,3/23/1993,1,10,8.5,,5,50.5,1,31.5,19
TB,1999,82,3/23/1999,1,10,4.2,,3,43,1,33,10
TB,1983,83,3/24/1983,1,10,10.1,0.5,1,30,1,8,22
TB,1988,83,3/23/1988,1,10,4.9,0.5,3,51,3,18,33
TB,1992,83,3/23/1992,1,10,5.2,,3,44,1,3,41
TB,1997,83,3/24/1997,1,10,24.4,,0,57,1,57,0
TB,2015,83,3/24/2015,1,,0,,1,25,,20,5
TB,1985,84,3/25/1985,1,10,2.5,1.4,2,47,1,18,29
TB,2009,84,3/25/2009,1,1,0,,3,42,1,24,18
TB,1989,86,3/27/1989,1,10,,,5,58.5,1,36.5,22
TB,1990,86,3/27/1990,1,1,0,,3.5,41,1,24.5,16.5
TB,2007,86,3/27/2007,1,1,0,,0,25,1,2,23
TB,2013,86,3/27/2013,1,,7.6,,2,60,,36,24
TB,1994,87,3/28/1994,1,10,11,,0,36,1,17,19
TB,2008,87,3/27/2008,1,10,12.3,,1,53,1,35,18
TB,2014,87,3/28/2014,1,,21.1,,1,60,,42,18
TB,2006,88,3/29/2006,1,10,0.5,,3,47,1,47,0
TB,2017,88,3/29/2017,1,,0,,2,36,,22,14
TB,2004,89,3/29/2004,1,10,3.9,,2,54,1,28,26
TB,1986,90,3/31/1986,1,4,0.8,1.5,-3,28,1,22,6
TB,2005,90,3/31/2005,1,10,1.3,,2,44,1,20,24
TB,2003,92,4/2/2003,1,10,1.6,,2,40,1,2,38
TB,1996,93,4/2/1996,1,10,29.3,,-11,57,1,26,31
TB,2001,93,4/3/2001,1,10,3.9,,3,47,1,39,8
TB,1984,95,4/4/1984,1,1,0,0,2,46,1,14,32
TB,1982,96,4/6/1982,1,10,8.2,0.4,0,52,1,41,11
TB,1985,100,4/10/1985,1,1,0,,5,48,1,24,
TB,2002,102,4/12/2002,1,1,0,,5,51,1,27,24
TB,1995,313,11/9/1995,1,10,,,,2.5,1,0,2.5
TB,1983,318,11/14/1983,1,0,,,,2,1,,
TB,1982,334,11/30/1982,1,10,0.5,0,0,11,1,0,11
TR,1985,8,1/8/1985,2,10,4,0.8,1,25,1,5,20
TR,1984,9,1/9/1984,2,10,1.4,1.3,,35.6,1,13,22.6
TR,1986,9,1/9/1986,2,10,7.5,4.6,1,40,1,3,37
TR,1983,10,1/10/1983,2,10,15.8,3.7,,21.2,1,0,21.2
TR,1995,10,1/10/1995,2,10,1.5,,3,34.5,1,0,34.5
TR,1993,12,1/12/1993,2,10,14.6,,-4,28.5,1,2,26.5
TR,1987,13,1/13/1987,2,10,1.8,1.5,3,35,1,0,35
TR,2010,13,1/13/2010,2,10,3.4,,4,36,1,9,27
TR,2011,13,1/13/2011,2,10,9.3,,0,34,1,0,34
TR,1992,14,1/14/1992,2,10,9,,2,36,1,8,28
TR,1991,15,1/15/1991,2,10,8.1,,0,31,1,0,31
TR,2013,15,1/15/2013,2,,0,,2,29,,3,26
TR,2015,15,1/15/2015,2,,19.1,,-2,31,,10,21
TR,1989,16,1/16/1989,2,10,20.2,,-2.5,27,1,0,27
TR,1990,16,1/16/1990,2,10,1,,6,41,1,10,31
TR,1998,16,1/16/1998,2,10,16.6,,-3,23,1,0,23
TR,2003,16,1/16/2003,2,10,1.9,,3,45,1,0,45
TR,2012,16,1/16/2012,2,10,0.6,,0,22,1,1,21
TR,2014,16,1/16/2014,2,,17.2,,0,40,,0,40
TR,1988,18,1/18/1988,2,10,6.5,4.2,1,36,4,1,35
TR,2007,18,1/18/2007,2,10,2.8,,2,28,1,4,24
TR,1982,19,1/19/1982,2,10,3.5,2.6,-1,48,1,5,43
TR,2000,19,1/19/2000,2,10,15.9,,-1,35,1,0,35
TR,2009,19,1/19/2009,2,10,19.5,,0,39,1,4,35
TR,2017,19,1/19/2017,2,,11.3,,-2,29,,0,29
TR,1999,20,1/20/1999,2,10,16.9,,-1,34,1,0,34
TR,2006,20,1/20/2006,2,10,10.8,,0,24,1,10,14
TR,2002,21,1/21/2002,2,10,3.9,,1,24,1,0,24
TR,2005,21,1/21/2005,2,10,12.4,,2,44,1,6,38
TR,1997,24,1/24/1997,2,10,27.6,,-9.5,31.5,1,13,18.5
TR,2001,25,1/25/2001,2,10,8,,0,32,1,16,16
TR,1996,26,1/26/1996,2,10,7.2,,,39,1,15,24
TR,1994,27,1/27/1994,2,10,16.5,,-1,35,1,0,35
TR,2004,27,1/27/2004,2,10,16.8,,-1,45,1,8,37
TR,2008,32,2/1/2008,2,10,7,,3,46,1,9,37
TR,2016,32,2/1/2016,2,,10.9,,-2,23,,0,23
TR,2010,41,2/10/2010,2,10,6.7,,3,43,1,10,33
TR,2017,44,2/13/2017,2,,8.6,,1,43,,5,38
TR,2006,45,2/14/2006,2,10,8.2,,1,36,1,16,20
TR,1983,47,2/16/1983,2,10,7.7,6.7,0.5,42.7,1,18.5,24.2
TR,1995,47,2/16/1995,2,10,8,,0,46,1,0,46
TR,2004,47,2/16/2004,2,10,22.4,,-3,46,1,8,38
TR,2009,47,2/16/2009,2,10,1.7,,2,49,1,7,42
TR,2011,47,2/16/2011,2,10,12.3,,0,44,1,3,41
TR,2014,50,2/19/2014,2,,37.3,,-6,45,,5,40
TR,1991,51,2/20/1991,2,10,9.6,,0,48,1,0,48
TR,1998,51,2/20/1998,2,1,0,,1,29,1,6,23
TR,1984,52,2/21/1984,2,10,4.3,2.3,4,54,1,13,41
TR,1989,52,2/21/1989,2,10,3.7,,3,55,1,2,53
TR,1990,52,2/21/1990,2,10,16.9,,3,48,1,15,33
TR,1997,52,2/21/1997,2,10,6,,2,54,1,39,15
TR,2013,52,2/21/2013,2,,23.2,,-1,47,,0,47
TR,1996,53,2/22/1996,2,10,13.4,,0,57,1,20,37
TR,2012,53,2/22/2012,2,10,10.9,,0,37,1,1,36
TR,1994,54,2/23/1994,2,10,1,,1,44,1,0,44
TR,2000,55,2/24/2000,2,10,17.8,,-6,40,1,0,40
TR,1985,56,2/25/1985,2,10,7.9,3.2,-0.5,46,1,3,43
TR,2002,56,2/25/2002,2,10,13.8,,-9,32,1,1,31
TR,1987,57,2/26/1987,2,10,11.3,1.7,0,48,1,0,48
TR,1999,57,2/26/1999,2,10,8.9,,2,47,1,17,30
TR,2007,57,2/26/2007,2,10,9.5,,3,60,1,6,54
TR,2001,58,2/27/2001,2,10,14.2,,0,45,1,25,20
TR,2008,58,2/27/2008,2,10,13.4,,1,53,1,6,47
TR,1993,60,3/1/1993,2,10,3,,4,62.5,1,10.5,52
TR,1982,61,3/2/1982,2,10,9.5,3.6,4,60,1,17,43
TR,2015,61,3/2/2015,2,,3.2,,4,65,,21,44
TR,2016,61,3/1/2016,2,,0.2,,1,43,,8,35
TR,2005,62,3/3/2005,2,10,13.9,,2,56,1,8,48
TR,1986,63,3/4/1986,2,10,23.2,3,-7,47,1,7,40
TR,1988,63,3/3/1988,2,10,4.1,3,4,65,1,60,5
TR,1992,64,3/4/1992,2,10,15.2,,-4,42,1,6,36
TR,2003,70,3/11/2003,2,10,19.6,,0,62,1,0,62
TR,2011,76,3/17/2011,2,1,0,,2,52,1,6,46
TR,1998,79,3/20/1998,2,10,6.5,,0,30,1,8,22
TR,1995,80,3/21/1995,2,10,5,,0,38.5,1,38.5,0
TR,1993,81,3/22/1993,2,10,7.2,,5,63,1,13,50
TR,2017,81,3/22/2017,2,,0,,3,44,,3,41
TR,2009,82,3/23/2009,2,1,0,,4,51,1,0,51
TR,1985,84,3/25/1985,2,10,3.7,1.4,4,58,1,15,43
TR,1987,85,3/26/1987,2,1,0,,1,35,,35,0
TR,1992,85,3/25/1992,2,10,3.1,,0,49,1,12,37
TR,1999,85,3/26/1999,2,10,0.3,,4,53,1,17,36
TR,2014,85,3/26/2014,2,,9.5,,10,77,,19,58
TR,2015,86,3/27/2015,2,,4.7,,4,49,,4,45
TR,1989,87,3/28/1989,2,10,,,10,61,1,8,53
TR,2013,87,3/28/2013,2,,8.3,,1,61,,15,46
TR,1983,88,3/29/1983,2,10,9.2,3.6,0,39,1,8,31
TR,2007,88,3/29/2007,2,1,0,,3,41,1,0,41
TR,2008,88,3/28/2008,2,10,8.2,,0,61,1,8,53
TR,1990,89,3/30/1990,2,1,0,,3,41,1,7,34
TR,2004,90,3/30/2004,2,1,0,,4,52,1,12,40
TR,1991,91,4/1/1991,2,10,1.3,,2,48,1,3,45
TR,1986,93,4/3/1986,2,1,0,,0,33,1,0,33
TR,1996,93,4/2/1996,2,10,22.5,,0,66,1,26,40
TR,2002,93,4/3/2002,2,10,12.3,,2,61,1,23,38
TR,2003,93,4/3/2003,2,10,5.7,,3,58,1,1,57
TR,1994,94,4/4/1994,2,10,7.7,,3,44,1,4,40
TR,2005,95,4/5/2005,2,1,0,,3,43,1,3,40
TR,2006,95,4/5/2006,2,1,0,,1,32,1,8,24
TR,1982,96,4/6/1982,2,10,2.2,1.9,5.5,62.5,1,11,51.5
TR,2001,96,4/6/2001,2,10,1,,4,47,1,24,23
TR,1988,98,4/7/1988,2,1,0,,4.5,46,3,46,0
TR,1997,99,4/9/1997,2,10,0.1,,5,41,1,11,30
TR,1984,102,4/11/1984,2,1,0,0,3,50,1,4,46
TR,1985,102,4/12/1985,2,1,0,,,,,,
WI,2001,8,1/8/2001,1,5,6.1,,,29,1,10,19
WI,1997,15,1/15/1997,1,5,8,,,32,1,,
WI,1999,26,1/26/1999,1,5,2,,,38,1,,
WI,2000,26,1/26/2000,1,5,5,,,27,1,,
WI,2011,27,1/27/2011,1,5,15,,0,41,1,8,33
WI,2003,28,1/28/2003,1,5,2.5,,0,25,1,25,0
WI,2015,28,1/28/2015,1,,1.6,,2.5,29,,,29
WI,2010,36,2/5/2010,1,5,4,,4,45,1,5,40
WI,2016,36,2/5/2016,1,,1,,1,29,,1,28
WI,2004,40,2/9/2004,1,5,11,,-1,30.5,1,12.5,18
WI,2005,40,2/9/2005,1,5,3,,0.5,38,1,8,30
WI,1996,44,2/13/1996,1,,,,,,,,
WI,2009,47,2/16/2009,1,5,2,,0,35,1,5,30
WI,2012,47,2/16/2012,1,1,0,,0,22,1,12,10
WI,2017,47,2/16/2017,1,,0,,1,28,,3,25
WI,2008,49,2/18/2008,1,5,32.6,,-2,34,1,10,24
WI,2006,53,2/22/2006,1,5,10,,-1,13,1,13,0
WI,1999,55,2/24/1999,1,1,0,,,16,1,,
WI,2000,55,2/24/2000,1,1,0,,,28,1,,
WI,2013,56,2/25/2013,1,,1,,1,37,,8,29
WI,2007,67,3/8/2007,1,5,2,,1,38,1,18,20
